{"mean": -89.80153887533454, "std": 5.55639260614373, "episode_rewards": [-80.80739549839204, -92.7470588235284, -92.719926199261, -93.77088607594831, -93.49933993399236, -88.05180722891492, -93.10699300699198, -93.36599326599223, -92.31789883268384, -77.62808988764041]}