{"mean": -30.029357106967733, "episode_rewards": [-38.37160493827243, -25.895053003534297, -30.100000000000808, -32.98590604026929, -26.673426573427317, -35.48461538461617, -28.913559322034754, -24.01304347826142, -34.67943925233724, -23.17692307692356], "std": 4.924164948540291}