{"episode_rewards": [675.0999999999539, 774.1999999999672, 762.6999999999613, 749.4999999999612, 768.3999999999608, 775.4999999999675], "mean_all_episodes": 750.8999999999619, "std_all_episodes": 34.978898400801796, "number_episodes": 6}