{"episode_rewards": [675.0999999999539], "mean_all_episodes": 675.0999999999539, "std_all_episodes": 0.0, "number_episodes": 1}