{"std": 32.5847650675919, "mean": -31.92413443114764, "episode_rewards": [-80.6825242718443, -29.812460063898587, -77.9597785977858, 15.68947368421011, 6.007017543860059, -63.55514950166193, -27.372727272728103, -31.13448275862152, -35.58387096774276, 5.163157894736445]}