{"std": 0.48919847286196694, "mean": -93.29133235413941, "episode_rewards": [-92.95714285714185, -92.77399267399167, -93.10699300699198, -93.15555555555453, -92.82727272727172, -94.20029498524966, -94.21764705882245, -93.05774647887222, -93.25068493150582, -93.36599326599223]}