{"mean_all_episodes": 520.5499999999122, "number_episodes": 2, "episode_rewards": [324.09999999987394, 716.9999999999503], "std_all_episodes": 196.4500000000382}