{"std_all_episodes": 0.0, "episode_rewards": [-7.9000000001414055], "mean_all_episodes": -7.9000000001414055, "number_episodes": 1}