{"std_all_episodes": 197.29222387110906, "episode_rewards": [-7.9000000001414055, 465.3999999998902, 557.5999999999119, 229.4999999998516, 265.9999999998519], "mean_all_episodes": 302.11999999987285, "number_episodes": 5}