{"std_all_episodes": 247.72385611583587, "episode_rewards": [-7.9000000001414055, 465.3999999998902, 557.5999999999119], "mean_all_episodes": 338.36666666655356, "number_episodes": 3}