{"episode_rewards": [675.0999999999539, 774.1999999999672, 762.6999999999613], "mean_all_episodes": 737.333333333294, "std_all_episodes": 44.25534493771355, "number_episodes": 3}