{"mean_all_episodes": 428.89999999990573, "number_episodes": 4, "episode_rewards": [324.09999999987394, 716.9999999999503, 111.29999999988729, 563.1999999999111], "std_all_episodes": 230.70050931892493}