{"episode_rewards": [29.24898785425151, -30.100000000000808, -28.671428571429384, 19.908304498270326, -25.895053003534297, -33.853943217666405, 14.678947368421362, -25.895053003534297, -34.74052287581779, -29.63020134228272], "mean": -14.49499622933225, "std": 23.80415259266346}