{"mean_all_episodes": 460.09999999990924, "number_episodes": 5, "episode_rewards": [324.09999999987394, 716.9999999999503, 111.29999999988729, 563.1999999999111, 584.8999999999231], "std_all_episodes": 215.57351414311077}