{"mean": 51.37002838790922, "std": 52.354978094591054, "episode_rewards": [36.742105263161115, -0.0999999999991783, 93.67162629758283, 5.702047781571201, 170.89236641221484, 5.782352941177555, 79.14528301887302, 86.56666666667167, 14.185714285715902, 21.112121212123277]}