{"episode_rewards": [675.0999999999539, 774.1999999999672, 762.6999999999613, 749.4999999999612, 768.3999999999608, 775.4999999999675, 754.4999999999596], "mean_all_episodes": 751.4142857142473, "std_all_episodes": 32.40865971449659, "number_episodes": 7}