{"episode_rewards": [675.0999999999539, 774.1999999999672, 762.6999999999613, 749.4999999999612, 768.3999999999608, 775.4999999999675, 754.4999999999596, 679.0999999999425, 776.8999999999693, 803.7999999999702], "mean_all_episodes": 751.9699999999614, "std_all_episodes": 39.96536125197135, "number_episodes": 10}