{"mean_all_episodes": 384.13333333323726, "number_episodes": 3, "episode_rewards": [324.09999999987394, 716.9999999999503, 111.29999999988729], "std_all_episodes": 250.89323537227958}