{"std_all_episodes": 219.6533006808896, "episode_rewards": [-7.9000000001414055, 465.3999999998902, 557.5999999999119, 229.4999999998516], "mean_all_episodes": 311.14999999987805, "number_episodes": 4}